{
  "__type__": "cc.SpriteFrame",
  "content": {
    "name": "ball_blue_1",
    "atlas": "",
    "rect": {
      "x": 4,
      "y": 6,
      "width": 64,
      "height": 64
    },
    "offset": {
      "x": 0.5,
      "y": -2.5
    },
    "originalSize": {
      "width": 71,
      "height": 71
    },
    "rotated": false,
    "capInsets": [
      0,
      0,
      0,
      0
    ],
    "vertices": {
      "rawPosition": [
        -32,
        -32,
        0,
        32,
        -32,
        0,
        -32,
        32,
        0,
        32,
        32,
        0
      ],
      "indexes": [
        0,
        1,
        2,
        2,
        1,
        3
      ],
      "uv": [
        4,
        65,
        68,
        65,
        4,
        1,
        68,
        1
      ],
      "nuv": [
        0.056338028169014086,
        0.014084507042253521,
        0.9577464788732394,
        0.014084507042253521,
        0.056338028169014086,
        0.9154929577464789,
        0.9577464788732394,
        0.9154929577464789
      ],
      "minPos": {
        "x": -32,
        "y": -32,
        "z": 0
      },
      "maxPos": {
        "x": 32,
        "y": 32,
        "z": 0
      }
    },
    "texture": "b8233295-122a-4b1d-8d21-56195ab4eab1@6c48a",
    "packable": true,
    "pixelsToUnit": 100,
    "pivot": {
      "x": 0.5,
      "y": 0.5
    },
    "meshType": 0
  }
}