{
  "__type__": "cc.SpriteFrame",
  "content": {
    "name": "sub_table",
    "atlas": "",
    "rect": {
      "x": 1,
      "y": 1,
      "width": 535,
      "height": 775
    },
    "offset": {
      "x": 0.5,
      "y": -0.5
    },
    "originalSize": {
      "width": 536,
      "height": 776
    },
    "rotated": false,
    "capInsets": [
      0,
      0,
      0,
      0
    ],
    "vertices": {
      "rawPosition": [
        -267.5,
        -387.5,
        0,
        267.5,
        -387.5,
        0,
        -267.5,
        387.5,
        0,
        267.5,
        387.5,
        0
      ],
      "indexes": [
        0,
        1,
        2,
        2,
        1,
        3
      ],
      "uv": [
        1,
        775,
        536,
        775,
        1,
        0,
        536,
        0
      ],
      "nuv": [
        0.0018656716417910447,
        0,
        1,
        0,
        0.0018656716417910447,
        0.9987113402061856,
        1,
        0.9987113402061856
      ],
      "minPos": {
        "x": -267.5,
        "y": -387.5,
        "z": 0
      },
      "maxPos": {
        "x": 267.5,
        "y": 387.5,
        "z": 0
      }
    },
    "texture": "7341e3a8-c79a-4cd3-8efa-4ddb3ac8a380@6c48a",
    "packable": true,
    "pixelsToUnit": 100,
    "pivot": {
      "x": 0.5,
      "y": 0.5
    },
    "meshType": 0
  }
}