{
  "__type__": "cc.SpriteFrame",
  "content": {
    "name": "button-text",
    "atlas": "",
    "rect": {
      "x": 0,
      "y": 4,
      "width": 120,
      "height": 54
    },
    "offset": {
      "x": 0,
      "y": -1
    },
    "originalSize": {
      "width": 120,
      "height": 60
    },
    "rotated": false,
    "capInsets": [
      0,
      0,
      0,
      0
    ],
    "vertices": {
      "rawPosition": [
        -60,
        -27,
        0,
        60,
        -27,
        0,
        -60,
        27,
        0,
        60,
        27,
        0
      ],
      "indexes": [
        0,
        1,
        2,
        2,
        1,
        3
      ],
      "uv": [
        0,
        56,
        120,
        56,
        0,
        2,
        120,
        2
      ],
      "nuv": [
        0,
        0.03333333333333333,
        1,
        0.03333333333333333,
        0,
        0.9333333333333333,
        1,
        0.9333333333333333
      ],
      "minPos": {
        "x": -60,
        "y": -27,
        "z": 0
      },
      "maxPos": {
        "x": 60,
        "y": 27,
        "z": 0
      }
    },
    "texture": "64e0f4d0-d5cd-4d67-86bf-4c319e9e2a20@6c48a",
    "packable": true,
    "pixelsToUnit": 100,
    "pivot": {
      "x": 0.5,
      "y": 0.5
    },
    "meshType": 0
  }
}