{
  "__type__": "cc.SpriteFrame",
  "content": {
    "name": "bubbles",
    "atlas": "",
    "rect": {
      "x": 1,
      "y": 0,
      "width": 666,
      "height": 645
    },
    "offset": {
      "x": 0,
      "y": 0.5
    },
    "originalSize": {
      "width": 668,
      "height": 646
    },
    "rotated": false,
    "capInsets": [
      0,
      0,
      0,
      0
    ],
    "vertices": {
      "rawPosition": [
        -333,
        -322.5,
        0,
        333,
        -322.5,
        0,
        -333,
        322.5,
        0,
        333,
        322.5,
        0
      ],
      "indexes": [
        0,
        1,
        2,
        2,
        1,
        3
      ],
      "uv": [
        1,
        646,
        667,
        646,
        1,
        1,
        667,
        1
      ],
      "nuv": [
        0.0014970059880239522,
        0.0015479876160990713,
        0.9985029940119761,
        0.0015479876160990713,
        0.0014970059880239522,
        1,
        0.9985029940119761,
        1
      ],
      "minPos": {
        "x": -333,
        "y": -322.5,
        "z": 0
      },
      "maxPos": {
        "x": 333,
        "y": 322.5,
        "z": 0
      }
    },
    "texture": "a30bcea5-76da-42c1-bed0-1d335d9d19bc@6c48a",
    "packable": true,
    "pixelsToUnit": 100,
    "pivot": {
      "x": 0.5,
      "y": 0.5
    },
    "meshType": 0
  }
}