{
  "__type__": "cc.SpriteFrame",
  "content": {
    "name": "ui",
    "atlas": "",
    "rect": {
      "x": 1,
      "y": 0,
      "width": 1964,
      "height": 1457
    },
    "offset": {
      "x": 0.5,
      "y": 1.5
    },
    "originalSize": {
      "width": 1965,
      "height": 1460
    },
    "rotated": false,
    "capInsets": [
      0,
      0,
      0,
      0
    ],
    "vertices": {
      "rawPosition": [
        -982,
        -728.5,
        0,
        982,
        -728.5,
        0,
        -982,
        728.5,
        0,
        982,
        728.5,
        0
      ],
      "indexes": [
        0,
        1,
        2,
        2,
        1,
        3
      ],
      "uv": [
        1,
        1460,
        1965,
        1460,
        1,
        3,
        1965,
        3
      ],
      "nuv": [
        0.0005089058524173028,
        0.002054794520547945,
        1,
        0.002054794520547945,
        0.0005089058524173028,
        1,
        1,
        1
      ],
      "minPos": {
        "x": -982,
        "y": -728.5,
        "z": 0
      },
      "maxPos": {
        "x": 982,
        "y": 728.5,
        "z": 0
      }
    },
    "texture": "488823cf-e098-4255-97f2-aedeb033f5ee@6c48a",
    "packable": true,
    "pixelsToUnit": 100,
    "pivot": {
      "x": 0.5,
      "y": 0.5
    },
    "meshType": 0
  }
}