{
  "__type__": "cc.SpriteFrame",
  "content": {
    "name": "btn-play (1)",
    "atlas": "",
    "rect": {
      "x": 1,
      "y": 3,
      "width": 211,
      "height": 209
    },
    "offset": {
      "x": 0.5,
      "y": -1.5
    },
    "originalSize": {
      "width": 212,
      "height": 212
    },
    "rotated": false,
    "capInsets": [
      0,
      0,
      0,
      0
    ],
    "vertices": {
      "rawPosition": [
        -105.5,
        -104.5,
        0,
        105.5,
        -104.5,
        0,
        -105.5,
        104.5,
        0,
        105.5,
        104.5,
        0
      ],
      "indexes": [
        0,
        1,
        2,
        2,
        1,
        3
      ],
      "uv": [
        1,
        209,
        212,
        209,
        1,
        0,
        212,
        0
      ],
      "nuv": [
        0.0047169811320754715,
        0,
        1,
        0,
        0.0047169811320754715,
        0.9858490566037735,
        1,
        0.9858490566037735
      ],
      "minPos": {
        "x": -105.5,
        "y": -104.5,
        "z": 0
      },
      "maxPos": {
        "x": 105.5,
        "y": 104.5,
        "z": 0
      }
    },
    "texture": "4cceb5c5-1127-4dce-b557-015116b0192e@6c48a",
    "packable": true,
    "pixelsToUnit": 100,
    "pivot": {
      "x": 0.5,
      "y": 0.5
    },
    "meshType": 0
  }
}