{
  "__type__": "cc.SpriteFrame",
  "content": {
    "name": "background-settings",
    "atlas": "",
    "rect": {
      "x": 0,
      "y": 1,
      "width": 495,
      "height": 540
    },
    "offset": {
      "x": 0,
      "y": -0.5
    },
    "originalSize": {
      "width": 495,
      "height": 541
    },
    "rotated": false,
    "capInsets": [
      0,
      0,
      0,
      0
    ],
    "vertices": {
      "rawPosition": [
        -247.5,
        -270,
        0,
        247.5,
        -270,
        0,
        -247.5,
        270,
        0,
        247.5,
        270,
        0
      ],
      "indexes": [
        0,
        1,
        2,
        2,
        1,
        3
      ],
      "uv": [
        0,
        540,
        495,
        540,
        0,
        0,
        495,
        0
      ],
      "nuv": [
        0,
        0,
        1,
        0,
        0,
        0.9981515711645101,
        1,
        0.9981515711645101
      ],
      "minPos": {
        "x": -247.5,
        "y": -270,
        "z": 0
      },
      "maxPos": {
        "x": 247.5,
        "y": 270,
        "z": 0
      }
    },
    "texture": "8aca1ff9-4a6e-44bc-9c1a-06cf667f8ddb@6c48a",
    "packable": true,
    "pixelsToUnit": 100,
    "pivot": {
      "x": 0.5,
      "y": 0.5
    },
    "meshType": 0
  }
}